size,throughput
126,9084343344.0
300,18675551808.0
474,27486952064.0
648,35660588160.0
822,43456150368.0
996,50570290144.0
1170,56693341568.00001
1344,63427856928.00001
1518,69185653184.0
