size,throughput
126,9468001088.0
300,19626372672.0
474,29168210432.000004
648,37727078944.0
822,45571761984.0
996,52884193359.99999
1170,58621148480.0
1344,65934020224.0
1518,70524728512.0
