size,throughput
126,11606278368.0
300,23437813056.0
474,34559987584.0
648,43764623520.0
822,51613539472.0
996,59335090879.99999
1170,64900239967.99999
1344,71028576688.0
1518,77694305104.0
